{"mainHeading":"Marketplace","targetRequestUri":"/getBuisinessDetailByChannel","data":{"MarketplaceInfo":{"summary":[{"channelId":"Amazon Sales Channel","settledAmount":"19899.00","unsettledAmount":"382424.00","businessAmount":"402323.00","commissionAmount":"0.00","cancellationAmount":"0.00","carrierAmount":"0.00","serviceTaxAmount":"0.00","totalExpenses":"0.00","commissionDescription":"Commission","cancellationDescription":"Cancellation","carrierDescription":"Carrier","serviceTaxDescription":"Service Tax","querydate":"1396290600000","date":"2014-04-01"},{"channelId":"Flipkart Sales Channel","settledAmount":"17999.00","unsettledAmount":"2377503.00","businessAmount":"2395502.00","commissionAmount":"0.00","cancellationAmount":"0.00","carrierAmount":"0.00","serviceTaxAmount":"0.00","totalExpenses":"0.00","commissionDescription":"Commission","cancellationDescription":"Cancellation","carrierDescription":"Carrier","serviceTaxDescription":"Service Tax","querydate":"1396290600000","date":"2014-04-01"},{"channelId":"Web Channel","settledAmount":"2000.00","unsettledAmount":"1438093.36","businessAmount":"1440093.36","commissionAmount":"0.00","cancellationAmount":"0.00","carrierAmount":"0.00","serviceTaxAmount":"0.00","totalExpenses":"0.00","commissionDescription":"Commission","cancellationDescription":"Cancellation","carrierDescription":"Carrier","serviceTaxDescription":"Service Tax","querydate":"1396290600000","date":"2014-04-01"}]}},"thisRequestUri":"json","columnHeading":{"channelId":"Channel","businessAmount":"Total Business Amount(&#8377;)","settledAmount":"Total Settled Amount(&#8377;)","unsettledAmount":"Total UnSettled Amount(&#8377;)","totalExpenses":"Total Expenses(&#8377;)"}}