{"mainHeading":"Profit","targetRequestUri":"/getNetProfit","data":{"netWorthData":{"netWorthSummary":{"receivables":"0.00","payables":"0.00","cash":"0.00","inventoryValue":"0.00","netWorth":"0.00"},"netWorthDetail":[{"date":"2014-04-01","queryDate":"1396290600000","cash":"0.00","receivables":"0.00","payables":"0.00","goodStock":"0.00","badStock":"0.00","inTransitStock":"0.00","promisedStock":"0.00","netWorth":"0.00","cashInflow":"0.00","cashOutflow":"0.00","netCashFlow":"0.00"},{"date":"2014-04-02","queryDate":"1396377000000","cash":"0.00","receivables":"0.00","payables":"0.00","goodStock":"0.00","badStock":"0.00","inTransitStock":"0.00","promisedStock":"0.00","netWorth":"0.00","cashInflow":"0.00","cashOutflow":"0.00","netCashFlow":"0.00"},{"date":"2014-04-03","queryDate":"1396463400000","cash":"0.00","receivables":"0.00","payables":"0.00","goodStock":"0.00","badStock":"0.00","inTransitStock":"0.00","promisedStock":"0.00","netWorth":"0.00","cashInflow":"0.00","cashOutflow":"0.00","netCashFlow":"0.00"},{"date":"2014-04-04","queryDate":"1396549800000","cash":"0.00","receivables":"0.00","payables":"0.00","goodStock":"0.00","badStock":"0.00","inTransitStock":"0.00","promisedStock":"0.00","netWorth":"0.00","cashInflow":"0.00","cashOutflow":"0.00","netCashFlow":"0.00"},{"date":"2014-04-05","queryDate":"1396636200000","cash":"0.00","receivables":"0.00","payables":"0.00","goodStock":"0.00","badStock":"0.00","inTransitStock":"0.00","promisedStock":"0.00","netWorth":"0.00","cashInflow":"0.00","cashOutflow":"0.00","netCashFlow":"0.00"},{"date":"2014-04-06","queryDate":"1396722600000","cash":"0.00","receivables":"0.00","payables":"0.00","goodStock":"0.00","badStock":"0.00","inTransitStock":"0.00","promisedStock":"0.00","netWorth":"0.00","cashInflow":"0.00","cashOutflow":"0.00","netCashFlow":"0.00"},{"date":"2014-04-07","queryDate":"1396809000000","cash":"0.00","receivables":"0.00","payables":"0.00","goodStock":"0.00","badStock":"0.00","inTransitStock":"0.00","promisedStock":"0.00","netWorth":"0.00","cashInflow":"0.00","cashOutflow":"0.00","netCashFlow":"0.00"},{"date":"2014-04-08","queryDate":"1396895400000","cash":"0.00","receivables":"0.00","payables":"0.00","goodStock":"0.00","badStock":"0.00","inTransitStock":"0.00","promisedStock":"0.00","netWorth":"0.00","cashInflow":"0.00","cashOutflow":"0.00","netCashFlow":"0.00"},{"date":"2014-04-09","queryDate":"1396981800000","cash":"0.00","receivables":"0.00","payables":"0.00","goodStock":"0.00","badStock":"0.00","inTransitStock":"0.00","promisedStock":"0.00","netWorth":"0.00","cashInflow":"0.00","cashOutflow":"0.00","netCashFlow":"0.00"},{"date":"2014-04-10","queryDate":"1397068200000","cash":"0.00","receivables":"0.00","payables":"0.00","goodStock":"0.00","badStock":"0.00","inTransitStock":"0.00","promisedStock":"0.00","netWorth":"0.00","cashInflow":"0.00","cashOutflow":"0.00","netCashFlow":"0.00"},{"date":"2014-04-11","queryDate":"1397154600000","cash":"0.00","receivables":"0.00","payables":"0.00","goodStock":"0.00","badStock":"0.00","inTransitStock":"0.00","promisedStock":"0.00","netWorth":"0.00","cashInflow":"0.00","cashOutflow":"0.00","netCashFlow":"0.00"},{"date":"2014-04-12","queryDate":"1397241000000","cash":"0.00","receivables":"0.00","payables":"0.00","goodStock":"0.00","badStock":"0.00","inTransitStock":"0.00","promisedStock":"0.00","netWorth":"0.00","cashInflow":"0.00","cashOutflow":"0.00","netCashFlow":"0.00"},{"date":"2014-04-13","queryDate":"1397327400000","cash":"0.00","receivables":"0.00","payables":"0.00","goodStock":"0.00","badStock":"0.00","inTransitStock":"0.00","promisedStock":"0.00","netWorth":"0.00","cashInflow":"0.00","cashOutflow":"0.00","netCashFlow":"0.00"},{"date":"2014-04-14","queryDate":"1397413800000","cash":"0.00","receivables":"0.00","payables":"0.00","goodStock":"0.00","badStock":"0.00","inTransitStock":"0.00","promisedStock":"0.00","netWorth":"0.00","cashInflow":"0.00","cashOutflow":"0.00","netCashFlow":"0.00"},{"date":"2014-04-15","queryDate":"1397500200000","cash":"0.00","receivables":"0.00","payables":"0.00","goodStock":"0.00","badStock":"0.00","inTransitStock":"0.00","promisedStock":"0.00","netWorth":"0.00","cashInflow":"0.00","cashOutflow":"0.00","netCashFlow":"0.00"},{"date":"2014-04-16","queryDate":"1397586600000","cash":"0.00","receivables":"0.00","payables":"0.00","goodStock":"0.00","badStock":"0.00","inTransitStock":"0.00","promisedStock":"0.00","netWorth":"0.00","cashInflow":"0.00","cashOutflow":"0.00","netCashFlow":"0.00"},{"date":"2014-04-17","queryDate":"1397673000000","cash":"0.00","receivables":"0.00","payables":"0.00","goodStock":"0.00","badStock":"0.00","inTransitStock":"0.00","promisedStock":"0.00","netWorth":"0.00","cashInflow":"0.00","cashOutflow":"0.00","netCashFlow":"0.00"},{"date":"2014-04-18","queryDate":"1397759400000","cash":"0.00","receivables":"0.00","payables":"0.00","goodStock":"0.00","badStock":"0.00","inTransitStock":"0.00","promisedStock":"0.00","netWorth":"0.00","cashInflow":"0.00","cashOutflow":"0.00","netCashFlow":"0.00"},{"date":"2014-04-19","queryDate":"1397845800000","cash":"0.00","receivables":"0.00","payables":"0.00","goodStock":"0.00","badStock":"0.00","inTransitStock":"0.00","promisedStock":"0.00","netWorth":"0.00","cashInflow":"0.00","cashOutflow":"0.00","netCashFlow":"0.00"},{"date":"2014-04-20","queryDate":"1397932200000","cash":"0.00","receivables":"0.00","payables":"0.00","goodStock":"0.00","badStock":"0.00","inTransitStock":"0.00","promisedStock":"0.00","netWorth":"0.00","cashInflow":"0.00","cashOutflow":"0.00","netCashFlow":"0.00"},{"date":"2014-04-21","queryDate":"1398018600000","cash":"0.00","receivables":"0.00","payables":"0.00","goodStock":"0.00","badStock":"0.00","inTransitStock":"0.00","promisedStock":"0.00","netWorth":"0.00","cashInflow":"0.00","cashOutflow":"0.00","netCashFlow":"0.00"},{"date":"2014-04-22","queryDate":"1398105000000","cash":"0.00","receivables":"0.00","payables":"0.00","goodStock":"0.00","badStock":"0.00","inTransitStock":"0.00","promisedStock":"0.00","netWorth":"0.00","cashInflow":"0.00","cashOutflow":"0.00","netCashFlow":"0.00"},{"date":"2014-04-23","queryDate":"1398191400000","cash":"0.00","receivables":"0.00","payables":"0.00","goodStock":"0.00","badStock":"0.00","inTransitStock":"0.00","promisedStock":"0.00","netWorth":"0.00","cashInflow":"0.00","cashOutflow":"0.00","netCashFlow":"0.00"},{"date":"2014-04-24","queryDate":"1398277800000","cash":"0.00","receivables":"0.00","payables":"0.00","goodStock":"0.00","badStock":"0.00","inTransitStock":"0.00","promisedStock":"0.00","netWorth":"0.00","cashInflow":"0.00","cashOutflow":"0.00","netCashFlow":"0.00"},{"date":"2014-04-25","queryDate":"1398364200000","cash":"0.00","receivables":"0.00","payables":"0.00","goodStock":"0.00","badStock":"0.00","inTransitStock":"0.00","promisedStock":"0.00","netWorth":"0.00","cashInflow":"0.00","cashOutflow":"0.00","netCashFlow":"0.00"},{"date":"2014-04-26","queryDate":"1398450600000","cash":"0.00","receivables":"0.00","payables":"0.00","goodStock":"0.00","badStock":"0.00","inTransitStock":"0.00","promisedStock":"0.00","netWorth":"0.00","cashInflow":"0.00","cashOutflow":"0.00","netCashFlow":"0.00"},{"date":"2014-04-27","queryDate":"1398537000000","cash":"0.00","receivables":"0.00","payables":"0.00","goodStock":"0.00","badStock":"0.00","inTransitStock":"0.00","promisedStock":"0.00","netWorth":"0.00","cashInflow":"0.00","cashOutflow":"0.00","netCashFlow":"0.00"},{"date":"2014-04-28","queryDate":"1398623400000","cash":"0.00","receivables":"0.00","payables":"0.00","goodStock":"0.00","badStock":"0.00","inTransitStock":"0.00","promisedStock":"0.00","netWorth":"0.00","cashInflow":"0.00","cashOutflow":"0.00","netCashFlow":"0.00"},{"date":"2014-04-29","queryDate":"1398709800000","cash":"0.00","receivables":"0.00","payables":"0.00","goodStock":"0.00","badStock":"0.00","inTransitStock":"0.00","promisedStock":"0.00","netWorth":"0.00","cashInflow":"0.00","cashOutflow":"0.00","netCashFlow":"0.00"},{"date":"2014-04-30","queryDate":"1398796200000","cash":"0.00","receivables":"0.00","payables":"0.00","goodStock":"0.00","badStock":"0.00","inTransitStock":"0.00","promisedStock":"0.00","netWorth":"0.00","cashInflow":"0.00","cashOutflow":"0.00","netCashFlow":"0.00"},{"date":"2014-05-01","queryDate":"1398882600000","cash":"0.00","receivables":"0.00","payables":"0.00","goodStock":"0.00","badStock":"0.00","inTransitStock":"0.00","promisedStock":"0.00","netWorth":"0.00","cashInflow":"0.00","cashOutflow":"0.00","netCashFlow":"0.00"},{"date":"2014-05-02","queryDate":"1398969000000","cash":"0.00","receivables":"0.00","payables":"0.00","goodStock":"0.00","badStock":"0.00","inTransitStock":"0.00","promisedStock":"0.00","netWorth":"0.00","cashInflow":"0.00","cashOutflow":"0.00","netCashFlow":"0.00"},{"date":"2014-05-03","queryDate":"1399055400000","cash":"0.00","receivables":"0.00","payables":"0.00","goodStock":"0.00","badStock":"0.00","inTransitStock":"0.00","promisedStock":"0.00","netWorth":"0.00","cashInflow":"0.00","cashOutflow":"0.00","netCashFlow":"0.00"},{"date":"2014-05-04","queryDate":"1399141800000","cash":"0.00","receivables":"0.00","payables":"0.00","goodStock":"0.00","badStock":"0.00","inTransitStock":"0.00","promisedStock":"0.00","netWorth":"0.00","cashInflow":"0.00","cashOutflow":"0.00","netCashFlow":"0.00"},{"date":"2014-05-05","queryDate":"1399228200000","cash":"0.00","receivables":"0.00","payables":"0.00","goodStock":"0.00","badStock":"0.00","inTransitStock":"0.00","promisedStock":"0.00","netWorth":"0.00","cashInflow":"0.00","cashOutflow":"0.00","netCashFlow":"0.00"},{"date":"2014-05-06","queryDate":"1399314600000","cash":"0.00","receivables":"0.00","payables":"0.00","goodStock":"0.00","badStock":"0.00","inTransitStock":"0.00","promisedStock":"0.00","netWorth":"0.00","cashInflow":"0.00","cashOutflow":"0.00","netCashFlow":"0.00"},{"date":"2014-05-07","queryDate":"1399401000000","cash":"0.00","receivables":"0.00","payables":"0.00","goodStock":"0.00","badStock":"0.00","inTransitStock":"0.00","promisedStock":"0.00","netWorth":"0.00","cashInflow":"0.00","cashOutflow":"0.00","netCashFlow":"0.00"},{"date":"2014-05-08","queryDate":"1399487400000","cash":"0.00","receivables":"0.00","payables":"0.00","goodStock":"0.00","badStock":"0.00","inTransitStock":"0.00","promisedStock":"0.00","netWorth":"0.00","cashInflow":"0.00","cashOutflow":"0.00","netCashFlow":"0.00"},{"date":"2014-05-09","queryDate":"1399573800000","cash":"0.00","receivables":"0.00","payables":"0.00","goodStock":"0.00","badStock":"0.00","inTransitStock":"0.00","promisedStock":"0.00","netWorth":"0.00","cashInflow":"0.00","cashOutflow":"0.00","netCashFlow":"0.00"},{"date":"2014-05-10","queryDate":"1399660200000","cash":"0.00","receivables":"0.00","payables":"0.00","goodStock":"0.00","badStock":"0.00","inTransitStock":"0.00","promisedStock":"0.00","netWorth":"0.00","cashInflow":"0.00","cashOutflow":"0.00","netCashFlow":"0.00"},{"date":"2014-05-11","queryDate":"1399746600000","cash":"0.00","receivables":"0.00","payables":"0.00","goodStock":"0.00","badStock":"0.00","inTransitStock":"0.00","promisedStock":"0.00","netWorth":"0.00","cashInflow":"0.00","cashOutflow":"0.00","netCashFlow":"0.00"},{"date":"2014-05-12","queryDate":"1399833000000","cash":"0.00","receivables":"0.00","payables":"0.00","goodStock":"0.00","badStock":"0.00","inTransitStock":"0.00","promisedStock":"0.00","netWorth":"0.00","cashInflow":"0.00","cashOutflow":"0.00","netCashFlow":"0.00"},{"date":"2014-05-13","queryDate":"1399919400000","cash":"0.00","receivables":"0.00","payables":"0.00","goodStock":"0.00","badStock":"0.00","inTransitStock":"0.00","promisedStock":"0.00","netWorth":"0.00","cashInflow":"0.00","cashOutflow":"0.00","netCashFlow":"0.00"},{"date":"2014-05-14","queryDate":"1400005800000","cash":"0.00","receivables":"0.00","payables":"0.00","goodStock":"0.00","badStock":"0.00","inTransitStock":"0.00","promisedStock":"0.00","netWorth":"0.00","cashInflow":"0.00","cashOutflow":"0.00","netCashFlow":"0.00"},{"date":"2014-05-15","queryDate":"1400092200000","cash":"0.00","receivables":"0.00","payables":"0.00","goodStock":"0.00","badStock":"0.00","inTransitStock":"0.00","promisedStock":"0.00","netWorth":"0.00","cashInflow":"0.00","cashOutflow":"0.00","netCashFlow":"0.00"},{"date":"2014-05-16","queryDate":"1400178600000","cash":"0.00","receivables":"0.00","payables":"0.00","goodStock":"0.00","badStock":"0.00","inTransitStock":"0.00","promisedStock":"0.00","netWorth":"0.00","cashInflow":"0.00","cashOutflow":"0.00","netCashFlow":"0.00"},{"date":"2014-05-17","queryDate":"1400265000000","cash":"0.00","receivables":"0.00","payables":"0.00","goodStock":"0.00","badStock":"0.00","inTransitStock":"0.00","promisedStock":"0.00","netWorth":"0.00","cashInflow":"0.00","cashOutflow":"0.00","netCashFlow":"0.00"},{"date":"2014-05-18","queryDate":"1400351400000","cash":"0.00","receivables":"0.00","payables":"0.00","goodStock":"0.00","badStock":"0.00","inTransitStock":"0.00","promisedStock":"0.00","netWorth":"0.00","cashInflow":"0.00","cashOutflow":"0.00","netCashFlow":"0.00"},{"date":"2014-05-19","queryDate":"1400437800000","cash":"0.00","receivables":"0.00","payables":"0.00","goodStock":"0.00","badStock":"0.00","inTransitStock":"0.00","promisedStock":"0.00","netWorth":"0.00","cashInflow":"0.00","cashOutflow":"0.00","netCashFlow":"0.00"},{"date":"2014-05-20","queryDate":"1400524200000","cash":"0.00","receivables":"0.00","payables":"0.00","goodStock":"0.00","badStock":"0.00","inTransitStock":"0.00","promisedStock":"0.00","netWorth":"0.00","cashInflow":"0.00","cashOutflow":"0.00","netCashFlow":"0.00"},{"date":"2014-05-21","queryDate":"1400610600000","cash":"0.00","receivables":"0.00","payables":"0.00","goodStock":"0.00","badStock":"0.00","inTransitStock":"0.00","promisedStock":"0.00","netWorth":"0.00","cashInflow":"0.00","cashOutflow":"0.00","netCashFlow":"0.00"},{"date":"2014-05-22","queryDate":"1400697000000","cash":"0.00","receivables":"0.00","payables":"0.00","goodStock":"0.00","badStock":"0.00","inTransitStock":"0.00","promisedStock":"0.00","netWorth":"0.00","cashInflow":"0.00","cashOutflow":"0.00","netCashFlow":"0.00"},{"date":"2014-05-23","queryDate":"1400783400000","cash":"0.00","receivables":"0.00","payables":"0.00","goodStock":"0.00","badStock":"0.00","inTransitStock":"0.00","promisedStock":"0.00","netWorth":"0.00","cashInflow":"0.00","cashOutflow":"0.00","netCashFlow":"0.00"},{"date":"2014-05-24","queryDate":"1400869800000","cash":"0.00","receivables":"0.00","payables":"0.00","goodStock":"0.00","badStock":"0.00","inTransitStock":"0.00","promisedStock":"0.00","netWorth":"0.00","cashInflow":"0.00","cashOutflow":"0.00","netCashFlow":"0.00"},{"date":"2014-05-25","queryDate":"1400956200000","cash":"0.00","receivables":"0.00","payables":"0.00","goodStock":"0.00","badStock":"0.00","inTransitStock":"0.00","promisedStock":"0.00","netWorth":"0.00","cashInflow":"0.00","cashOutflow":"0.00","netCashFlow":"0.00"},{"date":"2014-05-26","queryDate":"1401042600000","cash":"0.00","receivables":"0.00","payables":"0.00","goodStock":"0.00","badStock":"0.00","inTransitStock":"0.00","promisedStock":"0.00","netWorth":"0.00","cashInflow":"0.00","cashOutflow":"0.00","netCashFlow":"0.00"},{"date":"2014-05-27","queryDate":"1401129000000","cash":"0.00","receivables":"0.00","payables":"0.00","goodStock":"0.00","badStock":"0.00","inTransitStock":"0.00","promisedStock":"0.00","netWorth":"0.00","cashInflow":"0.00","cashOutflow":"0.00","netCashFlow":"0.00"},{"date":"2014-05-28","queryDate":"1401215400000","cash":"0.00","receivables":"0.00","payables":"0.00","goodStock":"0.00","badStock":"0.00","inTransitStock":"0.00","promisedStock":"0.00","netWorth":"0.00","cashInflow":"0.00","cashOutflow":"0.00","netCashFlow":"0.00"},{"date":"2014-05-29","queryDate":"1401301800000","cash":"0.00","receivables":"0.00","payables":"0.00","goodStock":"0.00","badStock":"0.00","inTransitStock":"0.00","promisedStock":"0.00","netWorth":"0.00","cashInflow":"0.00","cashOutflow":"0.00","netCashFlow":"0.00"},{"date":"2014-05-30","queryDate":"1401388200000","cash":"0.00","receivables":"0.00","payables":"0.00","goodStock":"0.00","badStock":"0.00","inTransitStock":"0.00","promisedStock":"0.00","netWorth":"0.00","cashInflow":"0.00","cashOutflow":"0.00","netCashFlow":"0.00"},{"date":"2014-05-31","queryDate":"1401474600000","cash":"0.00","receivables":"0.00","payables":"0.00","goodStock":"0.00","badStock":"0.00","inTransitStock":"0.00","promisedStock":"0.00","netWorth":"0.00","cashInflow":"0.00","cashOutflow":"0.00","netCashFlow":"0.00"},{"date":"2014-06-01","queryDate":"1401561000000","cash":"0.00","receivables":"0.00","payables":"0.00","goodStock":"0.00","badStock":"0.00","inTransitStock":"0.00","promisedStock":"0.00","netWorth":"0.00","cashInflow":"0.00","cashOutflow":"0.00","netCashFlow":"0.00"},{"date":"2014-06-02","queryDate":"1401647400000","cash":"0.00","receivables":"0.00","payables":"0.00","goodStock":"0.00","badStock":"0.00","inTransitStock":"0.00","promisedStock":"0.00","netWorth":"0.00","cashInflow":"0.00","cashOutflow":"0.00","netCashFlow":"0.00"},{"date":"2014-06-03","queryDate":"1401733800000","cash":"0.00","receivables":"0.00","payables":"0.00","goodStock":"0.00","badStock":"0.00","inTransitStock":"0.00","promisedStock":"0.00","netWorth":"0.00","cashInflow":"0.00","cashOutflow":"0.00","netCashFlow":"0.00"},{"date":"2014-06-04","queryDate":"1401820200000","cash":"0.00","receivables":"0.00","payables":"0.00","goodStock":"0.00","badStock":"0.00","inTransitStock":"0.00","promisedStock":"0.00","netWorth":"0.00","cashInflow":"0.00","cashOutflow":"0.00","netCashFlow":"0.00"},{"date":"2014-06-05","queryDate":"1401906600000","cash":"0.00","receivables":"0.00","payables":"0.00","goodStock":"0.00","badStock":"0.00","inTransitStock":"0.00","promisedStock":"0.00","netWorth":"0.00","cashInflow":"0.00","cashOutflow":"0.00","netCashFlow":"0.00"},{"date":"2014-06-06","queryDate":"1401993000000","cash":"0.00","receivables":"0.00","payables":"0.00","goodStock":"0.00","badStock":"0.00","inTransitStock":"0.00","promisedStock":"0.00","netWorth":"0.00","cashInflow":"0.00","cashOutflow":"0.00","netCashFlow":"0.00"},{"date":"2014-06-07","queryDate":"1402079400000","cash":"0.00","receivables":"0.00","payables":"0.00","goodStock":"0.00","badStock":"0.00","inTransitStock":"0.00","promisedStock":"0.00","netWorth":"0.00","cashInflow":"0.00","cashOutflow":"0.00","netCashFlow":"0.00"},{"date":"2014-06-08","queryDate":"1402165800000","cash":"0.00","receivables":"0.00","payables":"0.00","goodStock":"0.00","badStock":"0.00","inTransitStock":"0.00","promisedStock":"0.00","netWorth":"0.00","cashInflow":"0.00","cashOutflow":"0.00","netCashFlow":"0.00"},{"date":"2014-06-09","queryDate":"1402252200000","cash":"0.00","receivables":"0.00","payables":"0.00","goodStock":"0.00","badStock":"0.00","inTransitStock":"0.00","promisedStock":"0.00","netWorth":"0.00","cashInflow":"0.00","cashOutflow":"0.00","netCashFlow":"0.00"},{"date":"2014-06-10","queryDate":"1402338600000","cash":"0.00","receivables":"0.00","payables":"0.00","goodStock":"0.00","badStock":"0.00","inTransitStock":"0.00","promisedStock":"0.00","netWorth":"0.00","cashInflow":"0.00","cashOutflow":"0.00","netCashFlow":"0.00"},{"date":"2014-06-11","queryDate":"1402425000000","cash":"0.00","receivables":"0.00","payables":"0.00","goodStock":"0.00","badStock":"0.00","inTransitStock":"0.00","promisedStock":"0.00","netWorth":"0.00","cashInflow":"0.00","cashOutflow":"0.00","netCashFlow":"0.00"},{"date":"2014-06-12","queryDate":"1402511400000","cash":"0.00","receivables":"0.00","payables":"0.00","goodStock":"0.00","badStock":"0.00","inTransitStock":"0.00","promisedStock":"0.00","netWorth":"0.00","cashInflow":"0.00","cashOutflow":"0.00","netCashFlow":"0.00"},{"date":"2014-06-13","queryDate":"1402597800000","cash":"0.00","receivables":"0.00","payables":"0.00","goodStock":"0.00","badStock":"0.00","inTransitStock":"0.00","promisedStock":"0.00","netWorth":"0.00","cashInflow":"0.00","cashOutflow":"0.00","netCashFlow":"0.00"},{"date":"2014-06-14","queryDate":"1402684200000","cash":"0.00","receivables":"0.00","payables":"0.00","goodStock":"0.00","badStock":"0.00","inTransitStock":"0.00","promisedStock":"0.00","netWorth":"0.00","cashInflow":"0.00","cashOutflow":"0.00","netCashFlow":"0.00"},{"date":"2014-06-15","queryDate":"1402770600000","cash":"0.00","receivables":"0.00","payables":"0.00","goodStock":"0.00","badStock":"0.00","inTransitStock":"0.00","promisedStock":"0.00","netWorth":"0.00","cashInflow":"0.00","cashOutflow":"0.00","netCashFlow":"0.00"},{"date":"2014-06-16","queryDate":"1402857000000","cash":"0.00","receivables":"0.00","payables":"0.00","goodStock":"0.00","badStock":"0.00","inTransitStock":"0.00","promisedStock":"0.00","netWorth":"0.00","cashInflow":"0.00","cashOutflow":"0.00","netCashFlow":"0.00"},{"date":"2014-06-17","queryDate":"1402943400000","cash":"0.00","receivables":"0.00","payables":"0.00","goodStock":"0.00","badStock":"0.00","inTransitStock":"0.00","promisedStock":"0.00","netWorth":"0.00","cashInflow":"0.00","cashOutflow":"0.00","netCashFlow":"0.00"},{"date":"2014-06-18","queryDate":"1403029800000","cash":"0.00","receivables":"0.00","payables":"0.00","goodStock":"0.00","badStock":"0.00","inTransitStock":"0.00","promisedStock":"0.00","netWorth":"0.00","cashInflow":"0.00","cashOutflow":"0.00","netCashFlow":"0.00"},{"date":"2014-06-19","queryDate":"1403116200000","cash":"0.00","receivables":"0.00","payables":"0.00","goodStock":"0.00","badStock":"0.00","inTransitStock":"0.00","promisedStock":"0.00","netWorth":"0.00","cashInflow":"0.00","cashOutflow":"0.00","netCashFlow":"0.00"},{"date":"2014-06-20","queryDate":"1403202600000","cash":"0.00","receivables":"0.00","payables":"0.00","goodStock":"0.00","badStock":"0.00","inTransitStock":"0.00","promisedStock":"0.00","netWorth":"0.00","cashInflow":"0.00","cashOutflow":"0.00","netCashFlow":"0.00"},{"date":"2014-06-21","queryDate":"1403289000000","cash":"0.00","receivables":"0.00","payables":"0.00","goodStock":"0.00","badStock":"0.00","inTransitStock":"0.00","promisedStock":"0.00","netWorth":"0.00","cashInflow":"0.00","cashOutflow":"0.00","netCashFlow":"0.00"},{"date":"2014-06-22","queryDate":"1403375400000","cash":"0.00","receivables":"0.00","payables":"0.00","goodStock":"0.00","badStock":"0.00","inTransitStock":"0.00","promisedStock":"0.00","netWorth":"0.00","cashInflow":"0.00","cashOutflow":"0.00","netCashFlow":"0.00"},{"date":"2014-06-23","queryDate":"1403461800000","cash":"0.00","receivables":"0.00","payables":"0.00","goodStock":"0.00","badStock":"0.00","inTransitStock":"0.00","promisedStock":"0.00","netWorth":"0.00","cashInflow":"0.00","cashOutflow":"0.00","netCashFlow":"0.00"},{"date":"2014-06-24","queryDate":"1403548200000","cash":"0.00","receivables":"0.00","payables":"0.00","goodStock":"0.00","badStock":"0.00","inTransitStock":"0.00","promisedStock":"0.00","netWorth":"0.00","cashInflow":"0.00","cashOutflow":"0.00","netCashFlow":"0.00"},{"date":"2014-06-25","queryDate":"1403634600000","cash":"0.00","receivables":"0.00","payables":"0.00","goodStock":"0.00","badStock":"0.00","inTransitStock":"0.00","promisedStock":"0.00","netWorth":"0.00","cashInflow":"0.00","cashOutflow":"0.00","netCashFlow":"0.00"},{"date":"2014-06-26","queryDate":"1403721000000","cash":"0.00","receivables":"0.00","payables":"0.00","goodStock":"0.00","badStock":"0.00","inTransitStock":"0.00","promisedStock":"0.00","netWorth":"0.00","cashInflow":"0.00","cashOutflow":"0.00","netCashFlow":"0.00"},{"date":"2014-06-27","queryDate":"1403807400000","cash":"0.00","receivables":"0.00","payables":"0.00","goodStock":"0.00","badStock":"0.00","inTransitStock":"0.00","promisedStock":"0.00","netWorth":"0.00","cashInflow":"0.00","cashOutflow":"0.00","netCashFlow":"0.00"},{"date":"2014-06-28","queryDate":"1403893800000","cash":"0.00","receivables":"0.00","payables":"0.00","goodStock":"0.00","badStock":"0.00","inTransitStock":"0.00","promisedStock":"0.00","netWorth":"0.00","cashInflow":"0.00","cashOutflow":"0.00","netCashFlow":"0.00"},{"date":"2014-06-29","queryDate":"1403980200000","cash":"0.00","receivables":"0.00","payables":"0.00","goodStock":"0.00","badStock":"0.00","inTransitStock":"0.00","promisedStock":"0.00","netWorth":"0.00","cashInflow":"0.00","cashOutflow":"0.00","netCashFlow":"0.00"},{"date":"2014-06-30","queryDate":"1404066600000","cash":"0.00","receivables":"0.00","payables":"0.00","goodStock":"0.00","badStock":"0.00","inTransitStock":"0.00","promisedStock":"0.00","netWorth":"0.00","cashInflow":"0.00","cashOutflow":"0.00","netCashFlow":"0.00"},{"date":"2014-07-01","queryDate":"1404153000000","cash":"0.00","receivables":"0.00","payables":"0.00","goodStock":"0.00","badStock":"0.00","inTransitStock":"0.00","promisedStock":"0.00","netWorth":"0.00","cashInflow":"0.00","cashOutflow":"0.00","netCashFlow":"0.00"},{"date":"2014-07-02","queryDate":"1404239400000","cash":"0.00","receivables":"0.00","payables":"0.00","goodStock":"0.00","badStock":"0.00","inTransitStock":"0.00","promisedStock":"0.00","netWorth":"0.00","cashInflow":"0.00","cashOutflow":"0.00","netCashFlow":"0.00"},{"date":"2014-07-03","queryDate":"1404325800000","cash":"0.00","receivables":"0.00","payables":"0.00","goodStock":"0.00","badStock":"0.00","inTransitStock":"0.00","promisedStock":"0.00","netWorth":"0.00","cashInflow":"0.00","cashOutflow":"0.00","netCashFlow":"0.00"},{"date":"2014-07-04","queryDate":"1404412200000","cash":"0.00","receivables":"0.00","payables":"0.00","goodStock":"0.00","badStock":"0.00","inTransitStock":"0.00","promisedStock":"0.00","netWorth":"0.00","cashInflow":"0.00","cashOutflow":"0.00","netCashFlow":"0.00"},{"date":"2014-07-05","queryDate":"1404498600000","cash":"0.00","receivables":"0.00","payables":"0.00","goodStock":"0.00","badStock":"0.00","inTransitStock":"0.00","promisedStock":"0.00","netWorth":"0.00","cashInflow":"0.00","cashOutflow":"0.00","netCashFlow":"0.00"},{"date":"2014-07-06","queryDate":"1404585000000","cash":"0.00","receivables":"0.00","payables":"0.00","goodStock":"0.00","badStock":"0.00","inTransitStock":"0.00","promisedStock":"0.00","netWorth":"0.00","cashInflow":"0.00","cashOutflow":"0.00","netCashFlow":"0.00"},{"date":"2014-07-07","queryDate":"1404671400000","cash":"0.00","receivables":"0.00","payables":"0.00","goodStock":"0.00","badStock":"0.00","inTransitStock":"0.00","promisedStock":"0.00","netWorth":"0.00","cashInflow":"0.00","cashOutflow":"0.00","netCashFlow":"0.00"},{"date":"2014-07-08","queryDate":"1404757800000","cash":"0.00","receivables":"0.00","payables":"0.00","goodStock":"0.00","badStock":"0.00","inTransitStock":"0.00","promisedStock":"0.00","netWorth":"0.00","cashInflow":"0.00","cashOutflow":"0.00","netCashFlow":"0.00"},{"date":"2014-07-09","queryDate":"1404844200000","cash":"0.00","receivables":"0.00","payables":"0.00","goodStock":"0.00","badStock":"0.00","inTransitStock":"0.00","promisedStock":"0.00","netWorth":"0.00","cashInflow":"0.00","cashOutflow":"0.00","netCashFlow":"0.00"},{"date":"2014-07-10","queryDate":"1404930600000","cash":"0.00","receivables":"0.00","payables":"0.00","goodStock":"0.00","badStock":"0.00","inTransitStock":"0.00","promisedStock":"0.00","netWorth":"0.00","cashInflow":"0.00","cashOutflow":"0.00","netCashFlow":"0.00"},{"date":"2014-07-11","queryDate":"1405017000000","cash":"0.00","receivables":"0.00","payables":"0.00","goodStock":"0.00","badStock":"0.00","inTransitStock":"0.00","promisedStock":"0.00","netWorth":"0.00","cashInflow":"0.00","cashOutflow":"0.00","netCashFlow":"0.00"},{"date":"2014-07-12","queryDate":"1405103400000","cash":"0.00","receivables":"0.00","payables":"0.00","goodStock":"0.00","badStock":"0.00","inTransitStock":"0.00","promisedStock":"0.00","netWorth":"0.00","cashInflow":"0.00","cashOutflow":"0.00","netCashFlow":"0.00"},{"date":"2014-07-13","queryDate":"1405189800000","cash":"0.00","receivables":"0.00","payables":"0.00","goodStock":"0.00","badStock":"0.00","inTransitStock":"0.00","promisedStock":"0.00","netWorth":"0.00","cashInflow":"0.00","cashOutflow":"0.00","netCashFlow":"0.00"},{"date":"2014-07-14","queryDate":"1405276200000","cash":"0.00","receivables":"0.00","payables":"0.00","goodStock":"0.00","badStock":"0.00","inTransitStock":"0.00","promisedStock":"0.00","netWorth":"0.00","cashInflow":"0.00","cashOutflow":"0.00","netCashFlow":"0.00"},{"date":"2014-07-15","queryDate":"1405362600000","cash":"0.00","receivables":"0.00","payables":"0.00","goodStock":"0.00","badStock":"0.00","inTransitStock":"0.00","promisedStock":"0.00","netWorth":"0.00","cashInflow":"0.00","cashOutflow":"0.00","netCashFlow":"0.00"},{"date":"2014-07-16","queryDate":"1405449000000","cash":"0.00","receivables":"0.00","payables":"0.00","goodStock":"0.00","badStock":"0.00","inTransitStock":"0.00","promisedStock":"0.00","netWorth":"0.00","cashInflow":"0.00","cashOutflow":"0.00","netCashFlow":"0.00"},{"date":"2014-07-17","queryDate":"1405535400000","cash":"0.00","receivables":"0.00","payables":"0.00","goodStock":"0.00","badStock":"0.00","inTransitStock":"0.00","promisedStock":"0.00","netWorth":"0.00","cashInflow":"0.00","cashOutflow":"0.00","netCashFlow":"0.00"},{"date":"2014-07-18","queryDate":"1405621800000","cash":"0.00","receivables":"0.00","payables":"0.00","goodStock":"0.00","badStock":"0.00","inTransitStock":"0.00","promisedStock":"0.00","netWorth":"0.00","cashInflow":"0.00","cashOutflow":"0.00","netCashFlow":"0.00"},{"date":"2014-07-19","queryDate":"1405708200000","cash":"0.00","receivables":"0.00","payables":"0.00","goodStock":"0.00","badStock":"0.00","inTransitStock":"0.00","promisedStock":"0.00","netWorth":"0.00","cashInflow":"0.00","cashOutflow":"0.00","netCashFlow":"0.00"},{"date":"2014-07-20","queryDate":"1405794600000","cash":"0.00","receivables":"0.00","payables":"0.00","goodStock":"0.00","badStock":"0.00","inTransitStock":"0.00","promisedStock":"0.00","netWorth":"0.00","cashInflow":"0.00","cashOutflow":"0.00","netCashFlow":"0.00"},{"date":"2014-07-21","queryDate":"1405881000000","cash":"0.00","receivables":"0.00","payables":"0.00","goodStock":"0.00","badStock":"0.00","inTransitStock":"0.00","promisedStock":"0.00","netWorth":"0.00","cashInflow":"0.00","cashOutflow":"0.00","netCashFlow":"0.00"},{"date":"2014-07-22","queryDate":"1405967400000","cash":"0.00","receivables":"0.00","payables":"0.00","goodStock":"0.00","badStock":"0.00","inTransitStock":"0.00","promisedStock":"0.00","netWorth":"0.00","cashInflow":"0.00","cashOutflow":"0.00","netCashFlow":"0.00"},{"date":"2014-07-23","queryDate":"1406053800000","cash":"0.00","receivables":"0.00","payables":"0.00","goodStock":"0.00","badStock":"0.00","inTransitStock":"0.00","promisedStock":"0.00","netWorth":"0.00","cashInflow":"0.00","cashOutflow":"0.00","netCashFlow":"0.00"},{"date":"2014-07-24","queryDate":"1406140200000","cash":"0.00","receivables":"0.00","payables":"0.00","goodStock":"0.00","badStock":"0.00","inTransitStock":"0.00","promisedStock":"0.00","netWorth":"0.00","cashInflow":"0.00","cashOutflow":"0.00","netCashFlow":"0.00"},{"date":"2014-07-25","queryDate":"1406226600000","cash":"0.00","receivables":"0.00","payables":"0.00","goodStock":"0.00","badStock":"0.00","inTransitStock":"0.00","promisedStock":"0.00","netWorth":"0.00","cashInflow":"0.00","cashOutflow":"0.00","netCashFlow":"0.00"},{"date":"2014-07-26","queryDate":"1406313000000","cash":"0.00","receivables":"0.00","payables":"0.00","goodStock":"0.00","badStock":"0.00","inTransitStock":"0.00","promisedStock":"0.00","netWorth":"0.00","cashInflow":"0.00","cashOutflow":"0.00","netCashFlow":"0.00"},{"date":"2014-07-27","queryDate":"1406399400000","cash":"0.00","receivables":"0.00","payables":"0.00","goodStock":"0.00","badStock":"0.00","inTransitStock":"0.00","promisedStock":"0.00","netWorth":"0.00","cashInflow":"0.00","cashOutflow":"0.00","netCashFlow":"0.00"},{"date":"2014-07-28","queryDate":"1406485800000","cash":"0.00","receivables":"0.00","payables":"0.00","goodStock":"0.00","badStock":"0.00","inTransitStock":"0.00","promisedStock":"0.00","netWorth":"0.00","cashInflow":"0.00","cashOutflow":"0.00","netCashFlow":"0.00"},{"date":"2014-07-29","queryDate":"1406572200000","cash":"0.00","receivables":"0.00","payables":"0.00","goodStock":"0.00","badStock":"0.00","inTransitStock":"0.00","promisedStock":"0.00","netWorth":"0.00","cashInflow":"0.00","cashOutflow":"0.00","netCashFlow":"0.00"},{"date":"2014-07-30","queryDate":"1406658600000","cash":"0.00","receivables":"0.00","payables":"0.00","goodStock":"0.00","badStock":"0.00","inTransitStock":"0.00","promisedStock":"0.00","netWorth":"0.00","cashInflow":"0.00","cashOutflow":"0.00","netCashFlow":"0.00"},{"date":"2014-07-31","queryDate":"1406745000000","cash":"0.00","receivables":"0.00","payables":"0.00","goodStock":"0.00","badStock":"0.00","inTransitStock":"0.00","promisedStock":"0.00","netWorth":"0.00","cashInflow":"0.00","cashOutflow":"0.00","netCashFlow":"0.00"},{"date":"2014-08-01","queryDate":"1406831400000","cash":"0.00","receivables":"0.00","payables":"0.00","goodStock":"0.00","badStock":"0.00","inTransitStock":"0.00","promisedStock":"0.00","netWorth":"0.00","cashInflow":"0.00","cashOutflow":"0.00","netCashFlow":"0.00"},{"date":"2014-08-02","queryDate":"1406917800000","cash":"0.00","receivables":"0.00","payables":"0.00","goodStock":"0.00","badStock":"0.00","inTransitStock":"0.00","promisedStock":"0.00","netWorth":"0.00","cashInflow":"0.00","cashOutflow":"0.00","netCashFlow":"0.00"},{"date":"2014-08-03","queryDate":"1407004200000","cash":"0.00","receivables":"0.00","payables":"0.00","goodStock":"0.00","badStock":"0.00","inTransitStock":"0.00","promisedStock":"0.00","netWorth":"0.00","cashInflow":"0.00","cashOutflow":"0.00","netCashFlow":"0.00"},{"date":"2014-08-04","queryDate":"1407090600000","cash":"0.00","receivables":"0.00","payables":"0.00","goodStock":"0.00","badStock":"0.00","inTransitStock":"0.00","promisedStock":"0.00","netWorth":"0.00","cashInflow":"0.00","cashOutflow":"0.00","netCashFlow":"0.00"},{"date":"2014-08-05","queryDate":"1407177000000","cash":"0.00","receivables":"0.00","payables":"0.00","goodStock":"0.00","badStock":"0.00","inTransitStock":"0.00","promisedStock":"0.00","netWorth":"0.00","cashInflow":"0.00","cashOutflow":"0.00","netCashFlow":"0.00"},{"date":"2014-08-06","queryDate":"1407263400000","cash":"0.00","receivables":"0.00","payables":"0.00","goodStock":"0.00","badStock":"0.00","inTransitStock":"0.00","promisedStock":"0.00","netWorth":"0.00","cashInflow":"0.00","cashOutflow":"0.00","netCashFlow":"0.00"},{"date":"2014-08-07","queryDate":"1407349800000","cash":"0.00","receivables":"0.00","payables":"0.00","goodStock":"0.00","badStock":"0.00","inTransitStock":"0.00","promisedStock":"0.00","netWorth":"0.00","cashInflow":"0.00","cashOutflow":"0.00","netCashFlow":"0.00"},{"date":"2014-08-08","queryDate":"1407436200000","cash":"0.00","receivables":"0.00","payables":"0.00","goodStock":"0.00","badStock":"0.00","inTransitStock":"0.00","promisedStock":"0.00","netWorth":"0.00","cashInflow":"0.00","cashOutflow":"0.00","netCashFlow":"0.00"},{"date":"2014-08-09","queryDate":"1407522600000","cash":"0.00","receivables":"0.00","payables":"0.00","goodStock":"0.00","badStock":"0.00","inTransitStock":"0.00","promisedStock":"0.00","netWorth":"0.00","cashInflow":"0.00","cashOutflow":"0.00","netCashFlow":"0.00"},{"date":"2014-08-10","queryDate":"1407609000000","cash":"0.00","receivables":"0.00","payables":"0.00","goodStock":"0.00","badStock":"0.00","inTransitStock":"0.00","promisedStock":"0.00","netWorth":"0.00","cashInflow":"0.00","cashOutflow":"0.00","netCashFlow":"0.00"},{"date":"2014-08-11","queryDate":"1407695400000","cash":"0.00","receivables":"0.00","payables":"0.00","goodStock":"0.00","badStock":"0.00","inTransitStock":"0.00","promisedStock":"0.00","netWorth":"0.00","cashInflow":"0.00","cashOutflow":"0.00","netCashFlow":"0.00"},{"date":"2014-08-12","queryDate":"1407781800000","cash":"0.00","receivables":"0.00","payables":"0.00","goodStock":"0.00","badStock":"0.00","inTransitStock":"0.00","promisedStock":"0.00","netWorth":"0.00","cashInflow":"0.00","cashOutflow":"0.00","netCashFlow":"0.00"},{"date":"2014-08-13","queryDate":"1407868200000","cash":"0.00","receivables":"0.00","payables":"0.00","goodStock":"0.00","badStock":"0.00","inTransitStock":"0.00","promisedStock":"0.00","netWorth":"0.00","cashInflow":"0.00","cashOutflow":"0.00","netCashFlow":"0.00"},{"date":"2014-08-14","queryDate":"1407954600000","cash":"0.00","receivables":"0.00","payables":"0.00","goodStock":"0.00","badStock":"0.00","inTransitStock":"0.00","promisedStock":"0.00","netWorth":"0.00","cashInflow":"0.00","cashOutflow":"0.00","netCashFlow":"0.00"},{"date":"2014-08-15","queryDate":"1408041000000","cash":"0.00","receivables":"0.00","payables":"0.00","goodStock":"0.00","badStock":"0.00","inTransitStock":"0.00","promisedStock":"0.00","netWorth":"0.00","cashInflow":"0.00","cashOutflow":"0.00","netCashFlow":"0.00"},{"date":"2014-08-16","queryDate":"1408127400000","cash":"0.00","receivables":"0.00","payables":"0.00","goodStock":"0.00","badStock":"0.00","inTransitStock":"0.00","promisedStock":"0.00","netWorth":"0.00","cashInflow":"0.00","cashOutflow":"0.00","netCashFlow":"0.00"},{"date":"2014-08-17","queryDate":"1408213800000","cash":"0.00","receivables":"0.00","payables":"0.00","goodStock":"0.00","badStock":"0.00","inTransitStock":"0.00","promisedStock":"0.00","netWorth":"0.00","cashInflow":"0.00","cashOutflow":"0.00","netCashFlow":"0.00"},{"date":"2014-08-18","queryDate":"1408300200000","cash":"0.00","receivables":"0.00","payables":"0.00","goodStock":"0.00","badStock":"0.00","inTransitStock":"0.00","promisedStock":"0.00","netWorth":"0.00","cashInflow":"0.00","cashOutflow":"0.00","netCashFlow":"0.00"},{"date":"2014-08-19","queryDate":"1408386600000","cash":"0.00","receivables":"0.00","payables":"0.00","goodStock":"0.00","badStock":"0.00","inTransitStock":"0.00","promisedStock":"0.00","netWorth":"0.00","cashInflow":"0.00","cashOutflow":"0.00","netCashFlow":"0.00"},{"date":"2014-08-20","queryDate":"1408473000000","cash":"0.00","receivables":"0.00","payables":"0.00","goodStock":"0.00","badStock":"0.00","inTransitStock":"0.00","promisedStock":"0.00","netWorth":"0.00","cashInflow":"0.00","cashOutflow":"0.00","netCashFlow":"0.00"},{"date":"2014-08-21","queryDate":"1408559400000","cash":"0.00","receivables":"0.00","payables":"0.00","goodStock":"0.00","badStock":"0.00","inTransitStock":"0.00","promisedStock":"0.00","netWorth":"0.00","cashInflow":"0.00","cashOutflow":"0.00","netCashFlow":"0.00"},{"date":"2014-08-22","queryDate":"1408645800000","cash":"0.00","receivables":"0.00","payables":"0.00","goodStock":"0.00","badStock":"0.00","inTransitStock":"0.00","promisedStock":"0.00","netWorth":"0.00","cashInflow":"0.00","cashOutflow":"0.00","netCashFlow":"0.00"},{"date":"2014-08-23","queryDate":"1408732200000","cash":"0.00","receivables":"0.00","payables":"0.00","goodStock":"0.00","badStock":"0.00","inTransitStock":"0.00","promisedStock":"0.00","netWorth":"0.00","cashInflow":"0.00","cashOutflow":"0.00","netCashFlow":"0.00"},{"date":"2014-08-24","queryDate":"1408818600000","cash":"0.00","receivables":"0.00","payables":"0.00","goodStock":"0.00","badStock":"0.00","inTransitStock":"0.00","promisedStock":"0.00","netWorth":"0.00","cashInflow":"0.00","cashOutflow":"0.00","netCashFlow":"0.00"},{"date":"2014-08-25","queryDate":"1408905000000","cash":"0.00","receivables":"0.00","payables":"0.00","goodStock":"0.00","badStock":"0.00","inTransitStock":"0.00","promisedStock":"0.00","netWorth":"0.00","cashInflow":"0.00","cashOutflow":"0.00","netCashFlow":"0.00"},{"date":"2014-08-26","queryDate":"1408991400000","cash":"0.00","receivables":"0.00","payables":"0.00","goodStock":"0.00","badStock":"0.00","inTransitStock":"0.00","promisedStock":"0.00","netWorth":"0.00","cashInflow":"0.00","cashOutflow":"0.00","netCashFlow":"0.00"},{"date":"2014-08-27","queryDate":"1409077800000","cash":"0.00","receivables":"0.00","payables":"0.00","goodStock":"0.00","badStock":"0.00","inTransitStock":"0.00","promisedStock":"0.00","netWorth":"0.00","cashInflow":"0.00","cashOutflow":"0.00","netCashFlow":"0.00"},{"date":"2014-08-28","queryDate":"1409164200000","cash":"0.00","receivables":"0.00","payables":"0.00","goodStock":"0.00","badStock":"0.00","inTransitStock":"0.00","promisedStock":"0.00","netWorth":"0.00","cashInflow":"0.00","cashOutflow":"0.00","netCashFlow":"0.00"},{"date":"2014-08-29","queryDate":"1409250600000","cash":"0.00","receivables":"0.00","payables":"0.00","goodStock":"0.00","badStock":"0.00","inTransitStock":"0.00","promisedStock":"0.00","netWorth":"0.00","cashInflow":"0.00","cashOutflow":"0.00","netCashFlow":"0.00"},{"date":"2014-08-30","queryDate":"1409337000000","cash":"0.00","receivables":"0.00","payables":"0.00","goodStock":"0.00","badStock":"0.00","inTransitStock":"0.00","promisedStock":"0.00","netWorth":"0.00","cashInflow":"0.00","cashOutflow":"0.00","netCashFlow":"0.00"},{"date":"2014-08-31","queryDate":"1409423400000","cash":"0.00","receivables":"0.00","payables":"0.00","goodStock":"0.00","badStock":"0.00","inTransitStock":"0.00","promisedStock":"0.00","netWorth":"0.00","cashInflow":"0.00","cashOutflow":"0.00","netCashFlow":"0.00"},{"date":"2014-09-01","queryDate":"1409509800000","cash":"0.00","receivables":"0.00","payables":"0.00","goodStock":"0.00","badStock":"0.00","inTransitStock":"0.00","promisedStock":"0.00","netWorth":"0.00","cashInflow":"0.00","cashOutflow":"0.00","netCashFlow":"0.00"},{"date":"2014-09-02","queryDate":"1409596200000","cash":"0.00","receivables":"0.00","payables":"0.00","goodStock":"0.00","badStock":"0.00","inTransitStock":"0.00","promisedStock":"0.00","netWorth":"0.00","cashInflow":"0.00","cashOutflow":"0.00","netCashFlow":"0.00"},{"date":"2014-09-03","queryDate":"1409682600000","cash":"0.00","receivables":"0.00","payables":"0.00","goodStock":"0.00","badStock":"0.00","inTransitStock":"0.00","promisedStock":"0.00","netWorth":"0.00","cashInflow":"0.00","cashOutflow":"0.00","netCashFlow":"0.00"},{"date":"2014-09-04","queryDate":"1409769000000","cash":"0.00","receivables":"0.00","payables":"0.00","goodStock":"0.00","badStock":"0.00","inTransitStock":"0.00","promisedStock":"0.00","netWorth":"0.00","cashInflow":"0.00","cashOutflow":"0.00","netCashFlow":"0.00"},{"date":"2014-09-05","queryDate":"1409855400000","cash":"0.00","receivables":"0.00","payables":"0.00","goodStock":"0.00","badStock":"0.00","inTransitStock":"0.00","promisedStock":"0.00","netWorth":"0.00","cashInflow":"0.00","cashOutflow":"0.00","netCashFlow":"0.00"},{"date":"2014-09-06","queryDate":"1409941800000","cash":"0.00","receivables":"0.00","payables":"0.00","goodStock":"0.00","badStock":"0.00","inTransitStock":"0.00","promisedStock":"0.00","netWorth":"0.00","cashInflow":"0.00","cashOutflow":"0.00","netCashFlow":"0.00"},{"date":"2014-09-07","queryDate":"1410028200000","cash":"0.00","receivables":"0.00","payables":"0.00","goodStock":"0.00","badStock":"0.00","inTransitStock":"0.00","promisedStock":"0.00","netWorth":"0.00","cashInflow":"0.00","cashOutflow":"0.00","netCashFlow":"0.00"},{"date":"2014-09-08","queryDate":"1410114600000","cash":"0.00","receivables":"0.00","payables":"0.00","goodStock":"0.00","badStock":"0.00","inTransitStock":"0.00","promisedStock":"0.00","netWorth":"0.00","cashInflow":"0.00","cashOutflow":"0.00","netCashFlow":"0.00"},{"date":"2014-09-09","queryDate":"1410201000000","cash":"0.00","receivables":"0.00","payables":"0.00","goodStock":"0.00","badStock":"0.00","inTransitStock":"0.00","promisedStock":"0.00","netWorth":"0.00","cashInflow":"0.00","cashOutflow":"0.00","netCashFlow":"0.00"},{"date":"2014-09-10","queryDate":"1410287400000","cash":"0.00","receivables":"0.00","payables":"0.00","goodStock":"0.00","badStock":"0.00","inTransitStock":"0.00","promisedStock":"0.00","netWorth":"0.00","cashInflow":"0.00","cashOutflow":"0.00","netCashFlow":"0.00"},{"date":"2014-09-11","queryDate":"1410373800000","cash":"0.00","receivables":"0.00","payables":"0.00","goodStock":"0.00","badStock":"0.00","inTransitStock":"0.00","promisedStock":"0.00","netWorth":"0.00","cashInflow":"0.00","cashOutflow":"0.00","netCashFlow":"0.00"},{"date":"2014-09-12","queryDate":"1410460200000","cash":"0.00","receivables":"0.00","payables":"0.00","goodStock":"0.00","badStock":"0.00","inTransitStock":"0.00","promisedStock":"0.00","netWorth":"0.00","cashInflow":"0.00","cashOutflow":"0.00","netCashFlow":"0.00"},{"date":"2014-09-13","queryDate":"1410546600000","cash":"0.00","receivables":"0.00","payables":"0.00","goodStock":"0.00","badStock":"0.00","inTransitStock":"0.00","promisedStock":"0.00","netWorth":"0.00","cashInflow":"0.00","cashOutflow":"0.00","netCashFlow":"0.00"},{"date":"2014-09-14","queryDate":"1410633000000","cash":"0.00","receivables":"0.00","payables":"0.00","goodStock":"0.00","badStock":"0.00","inTransitStock":"0.00","promisedStock":"0.00","netWorth":"0.00","cashInflow":"0.00","cashOutflow":"0.00","netCashFlow":"0.00"},{"date":"2014-09-15","queryDate":"1410719400000","cash":"0.00","receivables":"0.00","payables":"0.00","goodStock":"0.00","badStock":"0.00","inTransitStock":"0.00","promisedStock":"0.00","netWorth":"0.00","cashInflow":"0.00","cashOutflow":"0.00","netCashFlow":"0.00"},{"date":"2014-09-16","queryDate":"1410805800000","cash":"0.00","receivables":"0.00","payables":"0.00","goodStock":"0.00","badStock":"0.00","inTransitStock":"0.00","promisedStock":"0.00","netWorth":"0.00","cashInflow":"0.00","cashOutflow":"0.00","netCashFlow":"0.00"},{"date":"2014-09-17","queryDate":"1410892200000","cash":"0.00","receivables":"0.00","payables":"0.00","goodStock":"0.00","badStock":"0.00","inTransitStock":"0.00","promisedStock":"0.00","netWorth":"0.00","cashInflow":"0.00","cashOutflow":"0.00","netCashFlow":"0.00"},{"date":"2014-09-18","queryDate":"1410978600000","cash":"0.00","receivables":"0.00","payables":"0.00","goodStock":"0.00","badStock":"0.00","inTransitStock":"0.00","promisedStock":"0.00","netWorth":"0.00","cashInflow":"0.00","cashOutflow":"0.00","netCashFlow":"0.00"},{"date":"2014-09-19","queryDate":"1411065000000","cash":"0.00","receivables":"0.00","payables":"0.00","goodStock":"0.00","badStock":"0.00","inTransitStock":"0.00","promisedStock":"0.00","netWorth":"0.00","cashInflow":"0.00","cashOutflow":"0.00","netCashFlow":"0.00"},{"date":"2014-09-20","queryDate":"1411151400000","cash":"0.00","receivables":"0.00","payables":"0.00","goodStock":"0.00","badStock":"0.00","inTransitStock":"0.00","promisedStock":"0.00","netWorth":"0.00","cashInflow":"0.00","cashOutflow":"0.00","netCashFlow":"0.00"},{"date":"2014-09-21","queryDate":"1411237800000","cash":"0.00","receivables":"0.00","payables":"0.00","goodStock":"0.00","badStock":"0.00","inTransitStock":"0.00","promisedStock":"0.00","netWorth":"0.00","cashInflow":"0.00","cashOutflow":"0.00","netCashFlow":"0.00"},{"date":"2014-09-22","queryDate":"1411324200000","cash":"0.00","receivables":"0.00","payables":"0.00","goodStock":"0.00","badStock":"0.00","inTransitStock":"0.00","promisedStock":"0.00","netWorth":"0.00","cashInflow":"0.00","cashOutflow":"0.00","netCashFlow":"0.00"},{"date":"2014-09-23","queryDate":"1411410600000","cash":"0.00","receivables":"0.00","payables":"0.00","goodStock":"0.00","badStock":"0.00","inTransitStock":"0.00","promisedStock":"0.00","netWorth":"0.00","cashInflow":"0.00","cashOutflow":"0.00","netCashFlow":"0.00"},{"date":"2014-09-24","queryDate":"1411497000000","cash":"0.00","receivables":"0.00","payables":"0.00","goodStock":"0.00","badStock":"0.00","inTransitStock":"0.00","promisedStock":"0.00","netWorth":"0.00","cashInflow":"0.00","cashOutflow":"0.00","netCashFlow":"0.00"},{"date":"2014-09-25","queryDate":"1411583400000","cash":"0.00","receivables":"0.00","payables":"0.00","goodStock":"0.00","badStock":"0.00","inTransitStock":"0.00","promisedStock":"0.00","netWorth":"0.00","cashInflow":"0.00","cashOutflow":"0.00","netCashFlow":"0.00"},{"date":"2014-09-26","queryDate":"1411669800000","cash":"0.00","receivables":"0.00","payables":"0.00","goodStock":"0.00","badStock":"0.00","inTransitStock":"0.00","promisedStock":"0.00","netWorth":"0.00","cashInflow":"0.00","cashOutflow":"0.00","netCashFlow":"0.00"},{"date":"2014-09-27","queryDate":"1411756200000","cash":"0.00","receivables":"0.00","payables":"0.00","goodStock":"0.00","badStock":"0.00","inTransitStock":"0.00","promisedStock":"0.00","netWorth":"0.00","cashInflow":"0.00","cashOutflow":"0.00","netCashFlow":"0.00"},{"date":"2014-09-28","queryDate":"1411842600000","cash":"0.00","receivables":"0.00","payables":"0.00","goodStock":"0.00","badStock":"0.00","inTransitStock":"0.00","promisedStock":"0.00","netWorth":"0.00","cashInflow":"0.00","cashOutflow":"0.00","netCashFlow":"0.00"},{"date":"2014-09-29","queryDate":"1411929000000","cash":"0.00","receivables":"0.00","payables":"0.00","goodStock":"0.00","badStock":"0.00","inTransitStock":"0.00","promisedStock":"0.00","netWorth":"0.00","cashInflow":"0.00","cashOutflow":"0.00","netCashFlow":"0.00"},{"date":"2014-09-30","queryDate":"1412015400000","cash":"0.00","receivables":"0.00","payables":"0.00","goodStock":"0.00","badStock":"0.00","inTransitStock":"0.00","promisedStock":"0.00","netWorth":"0.00","cashInflow":"0.00","cashOutflow":"0.00","netCashFlow":"0.00"},{"date":"2014-10-01","queryDate":"1412101800000","cash":"0.00","receivables":"0.00","payables":"0.00","goodStock":"0.00","badStock":"0.00","inTransitStock":"0.00","promisedStock":"0.00","netWorth":"0.00","cashInflow":"0.00","cashOutflow":"0.00","netCashFlow":"0.00"},{"date":"2014-10-02","queryDate":"1412188200000","cash":"0.00","receivables":"0.00","payables":"0.00","goodStock":"0.00","badStock":"0.00","inTransitStock":"0.00","promisedStock":"0.00","netWorth":"0.00","cashInflow":"0.00","cashOutflow":"0.00","netCashFlow":"0.00"},{"date":"2014-10-03","queryDate":"1412274600000","cash":"0.00","receivables":"0.00","payables":"0.00","goodStock":"0.00","badStock":"0.00","inTransitStock":"0.00","promisedStock":"0.00","netWorth":"0.00","cashInflow":"0.00","cashOutflow":"0.00","netCashFlow":"0.00"},{"date":"2014-10-04","queryDate":"1412361000000","cash":"0.00","receivables":"0.00","payables":"0.00","goodStock":"0.00","badStock":"0.00","inTransitStock":"0.00","promisedStock":"0.00","netWorth":"0.00","cashInflow":"0.00","cashOutflow":"0.00","netCashFlow":"0.00"},{"date":"2014-10-05","queryDate":"1412447400000","cash":"0.00","receivables":"0.00","payables":"0.00","goodStock":"0.00","badStock":"0.00","inTransitStock":"0.00","promisedStock":"0.00","netWorth":"0.00","cashInflow":"0.00","cashOutflow":"0.00","netCashFlow":"0.00"},{"date":"2014-10-06","queryDate":"1412533800000","cash":"0.00","receivables":"0.00","payables":"0.00","goodStock":"0.00","badStock":"0.00","inTransitStock":"0.00","promisedStock":"0.00","netWorth":"0.00","cashInflow":"0.00","cashOutflow":"0.00","netCashFlow":"0.00"},{"date":"2014-10-07","queryDate":"1412620200000","cash":"0.00","receivables":"0.00","payables":"0.00","goodStock":"0.00","badStock":"0.00","inTransitStock":"0.00","promisedStock":"0.00","netWorth":"0.00","cashInflow":"0.00","cashOutflow":"0.00","netCashFlow":"0.00"},{"date":"2014-10-08","queryDate":"1412706600000","cash":"0.00","receivables":"0.00","payables":"0.00","goodStock":"0.00","badStock":"0.00","inTransitStock":"0.00","promisedStock":"0.00","netWorth":"0.00","cashInflow":"0.00","cashOutflow":"0.00","netCashFlow":"0.00"},{"date":"2014-10-09","queryDate":"1412793000000","cash":"0.00","receivables":"0.00","payables":"0.00","goodStock":"0.00","badStock":"0.00","inTransitStock":"0.00","promisedStock":"0.00","netWorth":"0.00","cashInflow":"0.00","cashOutflow":"0.00","netCashFlow":"0.00"},{"date":"2014-10-10","queryDate":"1412879400000","cash":"0.00","receivables":"0.00","payables":"0.00","goodStock":"0.00","badStock":"0.00","inTransitStock":"0.00","promisedStock":"0.00","netWorth":"0.00","cashInflow":"0.00","cashOutflow":"0.00","netCashFlow":"0.00"},{"date":"2014-10-11","queryDate":"1412965800000","cash":"0.00","receivables":"0.00","payables":"0.00","goodStock":"0.00","badStock":"0.00","inTransitStock":"0.00","promisedStock":"0.00","netWorth":"0.00","cashInflow":"0.00","cashOutflow":"0.00","netCashFlow":"0.00"},{"date":"2014-10-12","queryDate":"1413052200000","cash":"0.00","receivables":"0.00","payables":"0.00","goodStock":"0.00","badStock":"0.00","inTransitStock":"0.00","promisedStock":"0.00","netWorth":"0.00","cashInflow":"0.00","cashOutflow":"0.00","netCashFlow":"0.00"},{"date":"2014-10-13","queryDate":"1413138600000","cash":"0.00","receivables":"0.00","payables":"0.00","goodStock":"0.00","badStock":"0.00","inTransitStock":"0.00","promisedStock":"0.00","netWorth":"0.00","cashInflow":"0.00","cashOutflow":"0.00","netCashFlow":"0.00"},{"date":"2014-10-14","queryDate":"1413225000000","cash":"0.00","receivables":"0.00","payables":"0.00","goodStock":"0.00","badStock":"0.00","inTransitStock":"0.00","promisedStock":"0.00","netWorth":"0.00","cashInflow":"0.00","cashOutflow":"0.00","netCashFlow":"0.00"},{"date":"2014-10-15","queryDate":"1413311400000","cash":"0.00","receivables":"0.00","payables":"0.00","goodStock":"0.00","badStock":"0.00","inTransitStock":"0.00","promisedStock":"0.00","netWorth":"0.00","cashInflow":"0.00","cashOutflow":"0.00","netCashFlow":"0.00"},{"date":"2014-10-16","queryDate":"1413397800000","cash":"0.00","receivables":"0.00","payables":"0.00","goodStock":"0.00","badStock":"0.00","inTransitStock":"0.00","promisedStock":"0.00","netWorth":"0.00","cashInflow":"0.00","cashOutflow":"0.00","netCashFlow":"0.00"},{"date":"2014-10-17","queryDate":"1413484200000","cash":"0.00","receivables":"0.00","payables":"0.00","goodStock":"0.00","badStock":"0.00","inTransitStock":"0.00","promisedStock":"0.00","netWorth":"0.00","cashInflow":"0.00","cashOutflow":"0.00","netCashFlow":"0.00"},{"date":"2014-10-18","queryDate":"1413570600000","cash":"0.00","receivables":"0.00","payables":"0.00","goodStock":"0.00","badStock":"0.00","inTransitStock":"0.00","promisedStock":"0.00","netWorth":"0.00","cashInflow":"0.00","cashOutflow":"0.00","netCashFlow":"0.00"},{"date":"2014-10-19","queryDate":"1413657000000","cash":"0.00","receivables":"0.00","payables":"0.00","goodStock":"0.00","badStock":"0.00","inTransitStock":"0.00","promisedStock":"0.00","netWorth":"0.00","cashInflow":"0.00","cashOutflow":"0.00","netCashFlow":"0.00"},{"date":"2014-10-20","queryDate":"1413743400000","cash":"0.00","receivables":"0.00","payables":"0.00","goodStock":"0.00","badStock":"0.00","inTransitStock":"0.00","promisedStock":"0.00","netWorth":"0.00","cashInflow":"0.00","cashOutflow":"0.00","netCashFlow":"0.00"},{"date":"2014-10-21","queryDate":"1413829800000","cash":"0.00","receivables":"0.00","payables":"0.00","goodStock":"0.00","badStock":"0.00","inTransitStock":"0.00","promisedStock":"0.00","netWorth":"0.00","cashInflow":"0.00","cashOutflow":"0.00","netCashFlow":"0.00"},{"date":"2014-10-22","queryDate":"1413916200000","cash":"0.00","receivables":"0.00","payables":"0.00","goodStock":"0.00","badStock":"0.00","inTransitStock":"0.00","promisedStock":"0.00","netWorth":"0.00","cashInflow":"0.00","cashOutflow":"0.00","netCashFlow":"0.00"},{"date":"2014-10-23","queryDate":"1414002600000","cash":"0.00","receivables":"0.00","payables":"0.00","goodStock":"0.00","badStock":"0.00","inTransitStock":"0.00","promisedStock":"0.00","netWorth":"0.00","cashInflow":"0.00","cashOutflow":"0.00","netCashFlow":"0.00"},{"date":"2014-10-24","queryDate":"1414089000000","cash":"0.00","receivables":"0.00","payables":"0.00","goodStock":"0.00","badStock":"0.00","inTransitStock":"0.00","promisedStock":"0.00","netWorth":"0.00","cashInflow":"0.00","cashOutflow":"0.00","netCashFlow":"0.00"},{"date":"2014-10-25","queryDate":"1414175400000","cash":"0.00","receivables":"0.00","payables":"0.00","goodStock":"0.00","badStock":"0.00","inTransitStock":"0.00","promisedStock":"0.00","netWorth":"0.00","cashInflow":"0.00","cashOutflow":"0.00","netCashFlow":"0.00"},{"date":"2014-10-26","queryDate":"1414261800000","cash":"0.00","receivables":"0.00","payables":"0.00","goodStock":"0.00","badStock":"0.00","inTransitStock":"0.00","promisedStock":"0.00","netWorth":"0.00","cashInflow":"0.00","cashOutflow":"0.00","netCashFlow":"0.00"},{"date":"2014-10-27","queryDate":"1414348200000","cash":"0.00","receivables":"0.00","payables":"0.00","goodStock":"0.00","badStock":"0.00","inTransitStock":"0.00","promisedStock":"0.00","netWorth":"0.00","cashInflow":"0.00","cashOutflow":"0.00","netCashFlow":"0.00"},{"date":"2014-10-28","queryDate":"1414434600000","cash":"0.00","receivables":"0.00","payables":"0.00","goodStock":"0.00","badStock":"0.00","inTransitStock":"0.00","promisedStock":"0.00","netWorth":"0.00","cashInflow":"0.00","cashOutflow":"0.00","netCashFlow":"0.00"},{"date":"2014-10-29","queryDate":"1414521000000","cash":"0.00","receivables":"0.00","payables":"0.00","goodStock":"0.00","badStock":"0.00","inTransitStock":"0.00","promisedStock":"0.00","netWorth":"0.00","cashInflow":"0.00","cashOutflow":"0.00","netCashFlow":"0.00"},{"date":"2014-10-30","queryDate":"1414607400000","cash":"0.00","receivables":"0.00","payables":"0.00","goodStock":"0.00","badStock":"0.00","inTransitStock":"0.00","promisedStock":"0.00","netWorth":"0.00","cashInflow":"0.00","cashOutflow":"0.00","netCashFlow":"0.00"},{"date":"2014-10-31","queryDate":"1414693800000","cash":"0.00","receivables":"0.00","payables":"0.00","goodStock":"0.00","badStock":"0.00","inTransitStock":"0.00","promisedStock":"0.00","netWorth":"0.00","cashInflow":"0.00","cashOutflow":"0.00","netCashFlow":"0.00"},{"date":"2014-11-01","queryDate":"1414780200000","cash":"0.00","receivables":"0.00","payables":"0.00","goodStock":"0.00","badStock":"0.00","inTransitStock":"0.00","promisedStock":"0.00","netWorth":"0.00","cashInflow":"0.00","cashOutflow":"0.00","netCashFlow":"0.00"},{"date":"2014-11-02","queryDate":"1414866600000","cash":"0.00","receivables":"0.00","payables":"0.00","goodStock":"0.00","badStock":"0.00","inTransitStock":"0.00","promisedStock":"0.00","netWorth":"0.00","cashInflow":"0.00","cashOutflow":"0.00","netCashFlow":"0.00"},{"date":"2014-11-03","queryDate":"1414953000000","cash":"0.00","receivables":"0.00","payables":"0.00","goodStock":"0.00","badStock":"0.00","inTransitStock":"0.00","promisedStock":"0.00","netWorth":"0.00","cashInflow":"0.00","cashOutflow":"0.00","netCashFlow":"0.00"},{"date":"2014-11-04","queryDate":"1415039400000","cash":"0.00","receivables":"0.00","payables":"0.00","goodStock":"0.00","badStock":"0.00","inTransitStock":"0.00","promisedStock":"0.00","netWorth":"0.00","cashInflow":"0.00","cashOutflow":"0.00","netCashFlow":"0.00"},{"date":"2014-11-05","queryDate":"1415125800000","cash":"0.00","receivables":"0.00","payables":"0.00","goodStock":"0.00","badStock":"0.00","inTransitStock":"0.00","promisedStock":"0.00","netWorth":"0.00","cashInflow":"0.00","cashOutflow":"0.00","netCashFlow":"0.00"},{"date":"2014-11-06","queryDate":"1415212200000","cash":"0.00","receivables":"0.00","payables":"0.00","goodStock":"0.00","badStock":"0.00","inTransitStock":"0.00","promisedStock":"0.00","netWorth":"0.00","cashInflow":"0.00","cashOutflow":"0.00","netCashFlow":"0.00"},{"date":"2014-11-07","queryDate":"1415298600000","cash":"0.00","receivables":"0.00","payables":"0.00","goodStock":"0.00","badStock":"0.00","inTransitStock":"0.00","promisedStock":"0.00","netWorth":"0.00","cashInflow":"0.00","cashOutflow":"0.00","netCashFlow":"0.00"},{"date":"2014-11-08","queryDate":"1415385000000","cash":"0.00","receivables":"0.00","payables":"0.00","goodStock":"0.00","badStock":"0.00","inTransitStock":"0.00","promisedStock":"0.00","netWorth":"0.00","cashInflow":"0.00","cashOutflow":"0.00","netCashFlow":"0.00"},{"date":"2014-11-09","queryDate":"1415471400000","cash":"0.00","receivables":"0.00","payables":"0.00","goodStock":"0.00","badStock":"0.00","inTransitStock":"0.00","promisedStock":"0.00","netWorth":"0.00","cashInflow":"0.00","cashOutflow":"0.00","netCashFlow":"0.00"},{"date":"2014-11-10","queryDate":"1415557800000","cash":"0.00","receivables":"0.00","payables":"0.00","goodStock":"0.00","badStock":"0.00","inTransitStock":"0.00","promisedStock":"0.00","netWorth":"0.00","cashInflow":"0.00","cashOutflow":"0.00","netCashFlow":"0.00"},{"date":"2014-11-11","queryDate":"1415644200000","cash":"0.00","receivables":"0.00","payables":"0.00","goodStock":"0.00","badStock":"0.00","inTransitStock":"0.00","promisedStock":"0.00","netWorth":"0.00","cashInflow":"0.00","cashOutflow":"0.00","netCashFlow":"0.00"},{"date":"2014-11-12","queryDate":"1415730600000","cash":"0.00","receivables":"0.00","payables":"0.00","goodStock":"0.00","badStock":"0.00","inTransitStock":"0.00","promisedStock":"0.00","netWorth":"0.00","cashInflow":"0.00","cashOutflow":"0.00","netCashFlow":"0.00"},{"date":"2014-11-13","queryDate":"1415817000000","cash":"0.00","receivables":"0.00","payables":"0.00","goodStock":"0.00","badStock":"0.00","inTransitStock":"0.00","promisedStock":"0.00","netWorth":"0.00","cashInflow":"0.00","cashOutflow":"0.00","netCashFlow":"0.00"},{"date":"2014-11-14","queryDate":"1415903400000","cash":"0.00","receivables":"0.00","payables":"0.00","goodStock":"0.00","badStock":"0.00","inTransitStock":"0.00","promisedStock":"0.00","netWorth":"0.00","cashInflow":"0.00","cashOutflow":"0.00","netCashFlow":"0.00"},{"date":"2014-11-15","queryDate":"1415989800000","cash":"0.00","receivables":"0.00","payables":"0.00","goodStock":"0.00","badStock":"0.00","inTransitStock":"0.00","promisedStock":"0.00","netWorth":"0.00","cashInflow":"0.00","cashOutflow":"0.00","netCashFlow":"0.00"},{"date":"2014-11-16","queryDate":"1416076200000","cash":"0.00","receivables":"0.00","payables":"0.00","goodStock":"0.00","badStock":"0.00","inTransitStock":"0.00","promisedStock":"0.00","netWorth":"0.00","cashInflow":"0.00","cashOutflow":"0.00","netCashFlow":"0.00"},{"date":"2014-11-17","queryDate":"1416162600000","cash":"0.00","receivables":"0.00","payables":"0.00","goodStock":"0.00","badStock":"0.00","inTransitStock":"0.00","promisedStock":"0.00","netWorth":"0.00","cashInflow":"0.00","cashOutflow":"0.00","netCashFlow":"0.00"},{"date":"2014-11-18","queryDate":"1416249000000","cash":"0.00","receivables":"0.00","payables":"0.00","goodStock":"0.00","badStock":"0.00","inTransitStock":"0.00","promisedStock":"0.00","netWorth":"0.00","cashInflow":"0.00","cashOutflow":"0.00","netCashFlow":"0.00"},{"date":"2014-11-19","queryDate":"1416335400000","cash":"0.00","receivables":"0.00","payables":"0.00","goodStock":"0.00","badStock":"0.00","inTransitStock":"0.00","promisedStock":"0.00","netWorth":"0.00","cashInflow":"0.00","cashOutflow":"0.00","netCashFlow":"0.00"},{"date":"2014-11-20","queryDate":"1416421800000","cash":"0.00","receivables":"0.00","payables":"0.00","goodStock":"0.00","badStock":"0.00","inTransitStock":"0.00","promisedStock":"0.00","netWorth":"0.00","cashInflow":"0.00","cashOutflow":"0.00","netCashFlow":"0.00"},{"date":"2014-11-21","queryDate":"1416508200000","cash":"0.00","receivables":"0.00","payables":"0.00","goodStock":"0.00","badStock":"0.00","inTransitStock":"0.00","promisedStock":"0.00","netWorth":"0.00","cashInflow":"0.00","cashOutflow":"0.00","netCashFlow":"0.00"},{"date":"2014-11-22","queryDate":"1416594600000","cash":"0.00","receivables":"0.00","payables":"0.00","goodStock":"0.00","badStock":"0.00","inTransitStock":"0.00","promisedStock":"0.00","netWorth":"0.00","cashInflow":"0.00","cashOutflow":"0.00","netCashFlow":"0.00"},{"date":"2014-11-23","queryDate":"1416681000000","cash":"0.00","receivables":"0.00","payables":"0.00","goodStock":"0.00","badStock":"0.00","inTransitStock":"0.00","promisedStock":"0.00","netWorth":"0.00","cashInflow":"0.00","cashOutflow":"0.00","netCashFlow":"0.00"},{"date":"2014-11-24","queryDate":"1416767400000","cash":"0.00","receivables":"0.00","payables":"0.00","goodStock":"0.00","badStock":"0.00","inTransitStock":"0.00","promisedStock":"0.00","netWorth":"0.00","cashInflow":"0.00","cashOutflow":"0.00","netCashFlow":"0.00"},{"date":"2014-11-25","queryDate":"1416853800000","cash":"0.00","receivables":"0.00","payables":"0.00","goodStock":"0.00","badStock":"0.00","inTransitStock":"0.00","promisedStock":"0.00","netWorth":"0.00","cashInflow":"0.00","cashOutflow":"0.00","netCashFlow":"0.00"},{"date":"2014-11-26","queryDate":"1416940200000","cash":"0.00","receivables":"0.00","payables":"0.00","goodStock":"0.00","badStock":"0.00","inTransitStock":"0.00","promisedStock":"0.00","netWorth":"0.00","cashInflow":"0.00","cashOutflow":"0.00","netCashFlow":"0.00"},{"date":"2014-11-27","queryDate":"1417026600000","cash":"0.00","receivables":"0.00","payables":"0.00","goodStock":"0.00","badStock":"0.00","inTransitStock":"0.00","promisedStock":"0.00","netWorth":"0.00","cashInflow":"0.00","cashOutflow":"0.00","netCashFlow":"0.00"},{"date":"2014-11-28","queryDate":"1417113000000","cash":"0.00","receivables":"0.00","payables":"0.00","goodStock":"0.00","badStock":"0.00","inTransitStock":"0.00","promisedStock":"0.00","netWorth":"0.00","cashInflow":"0.00","cashOutflow":"0.00","netCashFlow":"0.00"},{"date":"2014-11-29","queryDate":"1417199400000","cash":"0.00","receivables":"0.00","payables":"0.00","goodStock":"0.00","badStock":"0.00","inTransitStock":"0.00","promisedStock":"0.00","netWorth":"0.00","cashInflow":"0.00","cashOutflow":"0.00","netCashFlow":"0.00"},{"date":"2014-11-30","queryDate":"1417285800000","cash":"0.00","receivables":"0.00","payables":"0.00","goodStock":"0.00","badStock":"0.00","inTransitStock":"0.00","promisedStock":"0.00","netWorth":"0.00","cashInflow":"0.00","cashOutflow":"0.00","netCashFlow":"0.00"},{"date":"2014-12-01","queryDate":"1417372200000","cash":"0.00","receivables":"0.00","payables":"0.00","goodStock":"0.00","badStock":"0.00","inTransitStock":"0.00","promisedStock":"0.00","netWorth":"0.00","cashInflow":"0.00","cashOutflow":"0.00","netCashFlow":"0.00"},{"date":"2014-12-02","queryDate":"1417458600000","cash":"0.00","receivables":"0.00","payables":"0.00","goodStock":"0.00","badStock":"0.00","inTransitStock":"0.00","promisedStock":"0.00","netWorth":"0.00","cashInflow":"0.00","cashOutflow":"0.00","netCashFlow":"0.00"},{"date":"2014-12-03","queryDate":"1417545000000","cash":"0.00","receivables":"0.00","payables":"0.00","goodStock":"0.00","badStock":"0.00","inTransitStock":"0.00","promisedStock":"0.00","netWorth":"0.00","cashInflow":"0.00","cashOutflow":"0.00","netCashFlow":"0.00"},{"date":"2014-12-04","queryDate":"1417631400000","cash":"0.00","receivables":"0.00","payables":"0.00","goodStock":"0.00","badStock":"0.00","inTransitStock":"0.00","promisedStock":"0.00","netWorth":"0.00","cashInflow":"0.00","cashOutflow":"0.00","netCashFlow":"0.00"},{"date":"2014-12-05","queryDate":"1417717800000","cash":"0.00","receivables":"0.00","payables":"0.00","goodStock":"0.00","badStock":"0.00","inTransitStock":"0.00","promisedStock":"0.00","netWorth":"0.00","cashInflow":"0.00","cashOutflow":"0.00","netCashFlow":"0.00"},{"date":"2014-12-06","queryDate":"1417804200000","cash":"0.00","receivables":"0.00","payables":"0.00","goodStock":"0.00","badStock":"0.00","inTransitStock":"0.00","promisedStock":"0.00","netWorth":"0.00","cashInflow":"0.00","cashOutflow":"0.00","netCashFlow":"0.00"},{"date":"2014-12-07","queryDate":"1417890600000","cash":"0.00","receivables":"0.00","payables":"0.00","goodStock":"0.00","badStock":"0.00","inTransitStock":"0.00","promisedStock":"0.00","netWorth":"0.00","cashInflow":"0.00","cashOutflow":"0.00","netCashFlow":"0.00"},{"date":"2014-12-08","queryDate":"1417977000000","cash":"0.00","receivables":"0.00","payables":"0.00","goodStock":"0.00","badStock":"0.00","inTransitStock":"4600.00","promisedStock":"0.00","netWorth":"4600.00","cashInflow":"0.00","cashOutflow":"0.00","netCashFlow":"0.00"},{"date":"2014-12-09","queryDate":"1418063400000","cash":"0.00","receivables":"0.00","payables":"0.00","goodStock":"0.00","badStock":"0.00","inTransitStock":"4600.00","promisedStock":"0.00","netWorth":"4600.00","cashInflow":"0.00","cashOutflow":"0.00","netCashFlow":"0.00"},{"date":"2014-12-10","queryDate":"1418149800000","cash":"0.00","receivables":"0.00","payables":"0.00","goodStock":"0.00","badStock":"0.00","inTransitStock":"4600.00","promisedStock":"0.00","netWorth":"4600.00","cashInflow":"0.00","cashOutflow":"0.00","netCashFlow":"0.00"},{"date":"2014-12-11","queryDate":"1418236200000","cash":"0.00","receivables":"0.00","payables":"8000.00","goodStock":"8000.00","badStock":"0.00","inTransitStock":"4600.00","promisedStock":"0.00","netWorth":"4600.00","cashInflow":"0.00","cashOutflow":"0.00","netCashFlow":"0.00"},{"date":"2014-12-12","queryDate":"1418322600000","cash":"0.00","receivables":"0.00","payables":"8000.00","goodStock":"8000.00","badStock":"0.00","inTransitStock":"4600.00","promisedStock":"0.00","netWorth":"4600.00","cashInflow":"0.00","cashOutflow":"0.00","netCashFlow":"0.00"},{"date":"2014-12-13","queryDate":"1418409000000","cash":"0.00","receivables":"0.00","payables":"8000.00","goodStock":"8000.00","badStock":"0.00","inTransitStock":"4600.00","promisedStock":"0.00","netWorth":"4600.00","cashInflow":"0.00","cashOutflow":"0.00","netCashFlow":"0.00"},{"date":"2014-12-14","queryDate":"1418495400000","cash":"0.00","receivables":"0.00","payables":"8000.00","goodStock":"8000.00","badStock":"0.00","inTransitStock":"4600.00","promisedStock":"0.00","netWorth":"4600.00","cashInflow":"0.00","cashOutflow":"0.00","netCashFlow":"0.00"},{"date":"2014-12-15","queryDate":"1418581800000","cash":"0.00","receivables":"0.00","payables":"8000.00","goodStock":"8000.00","badStock":"0.00","inTransitStock":"4600.00","promisedStock":"0.00","netWorth":"4600.00","cashInflow":"0.00","cashOutflow":"0.00","netCashFlow":"0.00"},{"date":"2014-12-16","queryDate":"1418668200000","cash":"0.00","receivables":"0.00","payables":"8000.00","goodStock":"8000.00","badStock":"0.00","inTransitStock":"4600.00","promisedStock":"0.00","netWorth":"4600.00","cashInflow":"0.00","cashOutflow":"0.00","netCashFlow":"0.00"},{"date":"2014-12-17","queryDate":"1418754600000","cash":"0.00","receivables":"0.00","payables":"8000.00","goodStock":"8000.00","badStock":"0.00","inTransitStock":"4600.00","promisedStock":"0.00","netWorth":"4600.00","cashInflow":"0.00","cashOutflow":"0.00","netCashFlow":"0.00"},{"date":"2014-12-18","queryDate":"1418841000000","cash":"0.00","receivables":"0.00","payables":"8000.00","goodStock":"8000.00","badStock":"0.00","inTransitStock":"4600.00","promisedStock":"0.00","netWorth":"4600.00","cashInflow":"0.00","cashOutflow":"0.00","netCashFlow":"0.00"},{"date":"2014-12-19","queryDate":"1418927400000","cash":"0.00","receivables":"0.00","payables":"8000.00","goodStock":"8000.00","badStock":"0.00","inTransitStock":"4600.00","promisedStock":"0.00","netWorth":"4600.00","cashInflow":"0.00","cashOutflow":"0.00","netCashFlow":"0.00"},{"date":"2014-12-20","queryDate":"1419013800000","cash":"0.00","receivables":"0.00","payables":"8000.00","goodStock":"8000.00","badStock":"0.00","inTransitStock":"4600.00","promisedStock":"0.00","netWorth":"4600.00","cashInflow":"0.00","cashOutflow":"0.00","netCashFlow":"0.00"},{"date":"2014-12-21","queryDate":"1419100200000","cash":"0.00","receivables":"0.00","payables":"8000.00","goodStock":"8000.00","badStock":"0.00","inTransitStock":"4600.00","promisedStock":"0.00","netWorth":"4600.00","cashInflow":"0.00","cashOutflow":"0.00","netCashFlow":"0.00"},{"date":"2014-12-22","queryDate":"1419186600000","cash":"0.00","receivables":"0.00","payables":"8000.00","goodStock":"8000.00","badStock":"0.00","inTransitStock":"4600.00","promisedStock":"0.00","netWorth":"4600.00","cashInflow":"0.00","cashOutflow":"0.00","netCashFlow":"0.00"},{"date":"2014-12-23","queryDate":"1419273000000","cash":"0.00","receivables":"0.00","payables":"8000.00","goodStock":"8000.00","badStock":"0.00","inTransitStock":"4600.00","promisedStock":"0.00","netWorth":"4600.00","cashInflow":"0.00","cashOutflow":"0.00","netCashFlow":"0.00"},{"date":"2014-12-24","queryDate":"1419359400000","cash":"0.00","receivables":"0.00","payables":"8000.00","goodStock":"8000.00","badStock":"0.00","inTransitStock":"4600.00","promisedStock":"0.00","netWorth":"4600.00","cashInflow":"0.00","cashOutflow":"0.00","netCashFlow":"0.00"},{"date":"2014-12-25","queryDate":"1419445800000","cash":"0.00","receivables":"0.00","payables":"8000.00","goodStock":"8000.00","badStock":"0.00","inTransitStock":"4600.00","promisedStock":"0.00","netWorth":"4600.00","cashInflow":"0.00","cashOutflow":"0.00","netCashFlow":"0.00"},{"date":"2014-12-26","queryDate":"1419532200000","cash":"0.00","receivables":"0.00","payables":"8000.00","goodStock":"8000.00","badStock":"0.00","inTransitStock":"4600.00","promisedStock":"0.00","netWorth":"4600.00","cashInflow":"0.00","cashOutflow":"0.00","netCashFlow":"0.00"},{"date":"2014-12-27","queryDate":"1419618600000","cash":"0.00","receivables":"0.00","payables":"8000.00","goodStock":"8000.00","badStock":"0.00","inTransitStock":"4600.00","promisedStock":"0.00","netWorth":"4600.00","cashInflow":"0.00","cashOutflow":"0.00","netCashFlow":"0.00"},{"date":"2014-12-28","queryDate":"1419705000000","cash":"0.00","receivables":"0.00","payables":"8000.00","goodStock":"8000.00","badStock":"0.00","inTransitStock":"4600.00","promisedStock":"0.00","netWorth":"4600.00","cashInflow":"0.00","cashOutflow":"0.00","netCashFlow":"0.00"},{"date":"2014-12-29","queryDate":"1419791400000","cash":"0.00","receivables":"0.00","payables":"8000.00","goodStock":"8000.00","badStock":"0.00","inTransitStock":"4600.00","promisedStock":"0.00","netWorth":"4600.00","cashInflow":"0.00","cashOutflow":"0.00","netCashFlow":"0.00"},{"date":"2014-12-30","queryDate":"1419877800000","cash":"0.00","receivables":"0.00","payables":"8000.00","goodStock":"8000.00","badStock":"0.00","inTransitStock":"4600.00","promisedStock":"0.00","netWorth":"4600.00","cashInflow":"0.00","cashOutflow":"0.00","netCashFlow":"0.00"}]}},"_REQUEST_FROM_SPIDER_":"N","_LOGIN_PASSED_":"TRUE","thisRequestUri":"json","columnHeading":{"netWorthColumns":{"worthDate":"Date","cash":"Cash In Bank(&#8377;)","receivables":"Receivables(&#8377;)","payables":"Payables(&#8377;)","goodStock":"Good Stock(&#8377;)","inTransitStock":"In-Transit Stock(&#8377;)","netWorth":"Net Worth(&#8377;)"},"inventoryColumns":{"goodInventory":"Good Inventory (&#8377;)","promisedInventory":"Promised Inventory (&#8377;)","badInventory":"Bad Inventory (&#8377;)","inTransitInventory":"In-Transit Inventory (&#8377;)"}}}