{"mainHeading":"Returns","targetRequestUri":"/getReturnReplacementRefundCount","data":{"ReturnReplacementRefundInfo":{"ReturnReplacementRefundSummary":[{"channel":"Amazon Sales Channel","amtRTO":"17200.00","amtReplacement":"1200.00","amtRefund":"35298.00","qtyRTO":13,"qtyReplacement":1,"qtyRefund":7},{"channel":"Flipkart Sales Channel","amtRTO":"6800.00","amtReplacement":"12199.00","amtRefund":"6500.00","qtyRTO":6,"qtyReplacement":2,"qtyRefund":2},{"channel":"Web Channel","amtRTO":"0.00","amtReplacement":"5400.00","amtRefund":"36999.00","qtyRTO":0,"qtyReplacement":1,"qtyRefund":4}]}},"thisRequestUri":"json","columnHeading":{"channel":"Channel","amtRTO":"RTO (&#8377;)","amtReplacement":"Replacement (&#8377;)","amtRefund":"Refund (&#8377;)"}}